customer_id,probability_of_churn,predictions_of_churn
0308-IVGOK,0.1642643060720873,0
1764-VUUMT,0.005799057099406073,0
4355-CVPVS,0.10414370299341925,0
5336-UFNZP,0.2091086695686464,0
3950-VPYJB,0.02401825204114081,0
7711-YIJWC,0.028640699473700484,0
9730-DRTMJ,0.07528932156176936,0
2478-EEWWM,0.16080720672106177,0
5622-UEJFI,0.025130819295085576,0
3376-BMGFE,0.6396973197415537,1
2519-ERQOJ,0.2743855415782541,0
2662-NNTDK,0.012902499979356202,0
4115-NZRKS,0.7305581200962417,1
0513-RBGPE,0.03420135379651176,0
6585-WCEWR,0.008032102843400949,0
2718-GAXQD,0.4213569274596321,0
8818-XYFCQ,0.3651680008800296,0
6497-TILVL,0.2596263436073468,0
1444-VVSGW,0.044095570622172155,0
3999-WRNGR,0.16193933154493495,0
3605-JISKB,0.03178986173865044,0
2636-ALXXZ,0.7398335523146472,1
8871-JLMHM,0.02571030426693317,0
9546-KDTRB,0.12078460429216184,0
2694-CIUMO,0.4680157868330561,0
1455-UGQVH,0.7524784600661387,1
8035-BUYVG,0.12373183970958244,0
1740-CSDJP,0.4410155409751546,0
3750-YHRYO,0.08727100586855023,0
0178-SZBHO,0.3203424177973305,0
1163-VIPRI,0.039805982749686955,0
1536-YHDOE,0.12445711703659237,0
1963-VAUKV,0.19504627722114665,0
9891-NQDBD,0.04802408587697544,0
4462-CYWMH,0.24011915792825864,0
0196-JTUQI,0.5771692238879979,1
6103-LIANB,0.07921164075893386,0
3014-WJKSM,0.4525488328146331,0
3138-BKYAV,0.73132728865106,1
3413-BMNZE,0.3519669626761296,0
4342-HENTK,0.735115068679849,1
7030-NJVDP,0.44296929221958226,0
5955-ERIHD,0.6647915237360122,1
7055-VKGDA,0.08856780894526854,0
5338-YHWYT,0.019078959400881054,0
6532-YLWSI,0.02089892795616168,0
3807-XHCJH,0.2579792337855513,0
5348-CAGXB,0.7272896193301533,1
8075-GXIUB,0.07097246271734933,0
6060-DRTNL,0.6915146729739688,1
8443-ZRDBZ,0.7303778755671114,1
2245-ADZFJ,0.04047969563217898,0
6549-BTYPG,0.014224199010700645,0
2821-WARNZ,0.020588847429075526,0
0019-GFNTW,0.012151578000190554,0
5150-ITWWB,0.7628926205216671,1
7527-QNRUS,0.05085209780902283,0
8681-ICONS,0.13364741679182354,0
5208-HFSBT,0.347294612475777,0
9150-KPBJQ,0.03859002857402466,0
0871-OPBXW,0.26804385834774785,0
7321-VGNKU,0.7346802015573792,1
6711-VTNRE,0.4547537625597487,0
7596-IIWYC,0.03539691646495378,0
0247-SLUJI,0.19422986152088662,0
6726-WEXXK,0.3606065413549034,0
7349-ALMUX,0.025739166010257566,0
1106-HRLKZ,0.015429152958845413,0
7446-KQISO,0.10271740098846564,0
1784-EZDKJ,0.21947439882838596,0
6834-NXDCA,0.4198152946518546,0
0257-ZESQC,0.39190891600901434,0
4670-TABXH,0.04029769659795385,0
3066-RRJIO,0.6645599412712018,1
5793-YOLJN,0.009676821545051265,0
6766-HFKLA,0.046622854622179355,0
7142-HVGBG,0.520805092716464,1
9233-PSYHO,0.24506585589726707,0
5329-KRDTM,0.010970005772759172,0
5002-GCQFH,0.2672557111029428,0
7869-ZYDST,0.2387665940616949,0
2722-VOJQL,0.08737330348605966,0
1077-HUUJM,0.7032422458638836,1
5740-YHGTW,0.14296314395785636,0
1965-DDBWU,0.4535924184952857,0
9644-KVCNC,0.13464469621542866,0
9408-SSNVZ,0.7216462701559486,1
8861-HGGKB,0.6066010361248717,1
9391-TTOYH,0.1564957121552051,0
0582-AVCLN,0.016522529527361024,0
0576-WNXXC,0.6324610652291084,1
8601-QACRS,0.4424009210687155,0
0480-KYJVA,0.004940395274891838,0
3886-CERTZ,0.12816377410323412,0
8922-LIEGH,0.6040161615643332,1
9095-HFAFX,0.6184691479298622,1
7526-BEZQB,0.7084508861767645,1
1577-HKTFG,0.08497266480708511,0
0621-JFHOL,0.08310154924376155,0
3638-VBZTA,0.015224339080476962,0
3120-FAZKD,0.015584063900952409,0
4988-IQIGL,0.7479833930341181,1
1173-NOEYG,0.41840433563196133,0
1670-SVOWZ,0.47070036913467256,0
3719-TDVQB,0.015313333764313635,0
8535-SFUTN,0.3152950089445981,0
6158-DWPZT,0.14630628908630952,0
5442-BHQNG,0.6389322574592727,1
4176-FXYBO,0.2739070242284496,0
2075-PUEPR,0.009370998017628631,0
7110-BDTWG,0.023455350665287252,0
3518-FSTWG,0.04889880902941973,0
4641-FROLU,0.02111698701696544,0
2393-DIVAI,0.2617048214327914,0
0212-ISBBF,0.3973799400223487,0
6814-ZPWFQ,0.02294778987323368,0
0564-MUUQK,0.5021123273584442,1
9194-GFVOI,0.022117096577690242,0
6910-HADCM,0.6876088812370396,1
0887-WBJVH,0.17296610751687116,0
1927-QEWMY,0.004805109722858131,0
4115-BNPJY,0.04847972896484112,0
0459-SPZHJ,0.01636435434232354,0
9153-BTBVV,0.005860549454000566,0
2528-HFYZX,0.641324719270527,1
5469-NUJUR,0.046101921858537856,0
3512-IZIKN,0.007907977650088022,0
6402-SSEJG,0.14388137495632097,0
4822-LPTYJ,0.06262462463937635,0
6559-RAKOZ,0.19741488624015657,0
5382-TEMLV,0.13683697089642768,0
6794-HKIAJ,0.14719303573033254,0
8851-RAGOV,0.19731808243823187,0
8380-MQINP,0.009627037059742004,0
7718-RXDGG,0.5505537860471387,1
8318-LCNBW,0.0640334586648199,0
5515-RUGKN,0.3890745418669243,0
4718-DHSMV,0.3694334310840721,0
6663-JOCQO,0.0891733159583423,0
9489-DEDVP,0.015961634008714243,0
3508-CFVZL,0.023536838074707907,0
3658-KIBGF,0.4970594044284316,0
1291-CUOCY,0.04054299439183165,0
0742-MOABM,0.26382431015941077,0
9895-VFOXH,0.3218265838326092,0
9625-QNLUX,0.046532149003544375,0
2362-IBOOY,0.507841445495414,1
6010-DDPPW,0.006057792614918021,0
9091-WTUUY,0.01148294559801948,0
7314-OXENN,0.7512293876946036,1
2122-SZZZD,0.024105662708730404,0
5482-PLVPE,0.39797237452833834,0
2868-LLSKM,0.0755359843452256,0
9488-FVZCC,0.014644546551897316,0
7722-VJRQD,0.00820542896046974,0
4760-THGOT,0.3942572265916221,0
3221-CJMSG,0.20287838047735682,0
4445-ZJNMU,0.6202186888266961,1
3896-ZVNET,0.02651815962133994,0
9554-DFKIC,0.20872421200595873,0
2748-MYRVK,0.09150002946561114,0
2946-KIQSP,0.17389883517821464,0
7721-JXEAW,0.11298693611665295,0
5542-DHSXL,0.2846326920603486,0
7552-KEYGT,0.022796969394979903,0
2507-QZPQS,0.4914659934725847,0
1272-ILHFG,0.06834864155837933,0
9938-PRCVK,0.014664774757846211,0
4816-OKWNX,0.16288293374860047,0
6161-UUUTA,0.7421877305610636,1
7632-YUTXB,0.0506323381308545,0
3800-LYTRK,0.08708847203139525,0
5799-JRCZO,0.006361945893467121,0
7684-XSZIY,0.005646668539547428,0
6437-UKHMV,0.7164956114035477,1
2080-GKCWQ,0.6467899293083214,1
0219-YTZUE,0.6939978049387456,1
3785-KTYSH,0.01059057771921977,0
7976-CICYS,0.22825211450052685,0
1689-MRZQR,0.40130761034114737,0
7853-WNZSY,0.24439702047415604,0
7665-TOALD,0.7398335523146472,1
9512-PHSMG,0.2212622532198182,0
5440-VHLUL,0.08498627201302598,0
1899-VXWXM,0.21226183735065107,0
6380-ARCEH,0.19481275059666212,0
8920-NAVAY,0.12255447695000557,0
0023-XUOPT,0.6306059149623365,1
5982-FPVQN,0.5542773761514486,1
6390-DSAZX,0.6000666490821556,1
2368-GAKKQ,0.03739592895510831,0
4385-GZQXV,0.591976527087673,1
3528-HFRIQ,0.09781934033846194,0
7054-DMVAS,0.029267188389443106,0
1045-LTCYT,0.14281452893928245,0
7159-FVYPK,0.52303938962607,1
7551-JOHTI,0.19399707680356554,0
8882-TLVRW,0.007840410756741715,0
0607-DAAHE,0.010017285092319111,0
0708-LGSMF,0.42152793381191084,0
8565-HBFNN,0.06542308669031624,0
3258-ZKPAI,0.03589853012853515,0
3791-LGQCY,0.3237071968101235,0
6383-ZTSIW,0.14016375481851884,0
6257-DTAYD,0.03485051562726346,0
5334-AFQJB,0.007757815728680652,0
6168-WFVVF,0.7282858278323937,1
6439-LAJXL,0.28826724991288843,0
3429-IFLEM,0.008371863036270917,0
5339-TJFEK,0.2776523394715868,0
6522-YRBXD,0.45794265659145866,0
2091-MJTFX,0.118310229092026,0
2954-PIBKO,0.012610321100073714,0
4393-RYCRE,0.27489142401019895,0
3976-NLDEZ,0.1952800158878405,0
9103-CXVOK,0.2576233238044631,0
4277-PVRAN,0.625688474937206,1
5949-EBSQK,0.2505897268162634,0
6351-SCJKT,0.22751016176822286,0
9572-WUKSB,0.41772196745241297,0
9057-SIHCH,0.7652398269985223,1
2123-AGEEN,0.7508492723877523,1
9576-SYUHJ,0.4357831084067643,0
4927-WWOOZ,0.7886648160206202,1
1309-XGFSN,0.14776760236408445,0
5067-XJQFU,0.1505699223075234,0
0602-DDUML,0.019431538762530245,0
7245-NIIWQ,0.7276227671500407,1
7422-WNBTY,0.5825654230852685,1
3865-QBWSJ,0.324292030273261,0
3077-RSNTJ,0.1702751292404291,0
8249-THVEC,0.022470205564631463,0
9129-UXERG,0.4644904737130469,0
7394-FKDNK,0.619529729378514,1
8565-WUXZU,0.021828528969709816,0
8894-JVDCV,0.08505853932748304,0
8091-TTVAX,0.10681085985845203,0
5478-JJVZK,0.2040697461123859,0
2307-FYNNL,0.06081296371335728,0
0930-EHUZA,0.08989168699502272,0
0168-XZKBB,0.6443120582893899,1
6051-PTVNS,0.01699757319855756,0
0177-PXBAT,0.35253750050801563,0
1627-AFWVJ,0.021808496351223068,0
2275-RBYQS,0.46471482724198976,0
6308-CQRBU,0.044298249907051904,0
3244-CQPHU,0.029878931998200103,0
2926-JEJJC,0.12397303058034216,0
4495-LHSSK,0.2058327298664191,0
2402-TAIRZ,0.2533596039294034,0
6080-TCMYC,0.5044053076407211,1
9705-ZJBCG,0.08712869889377874,0
1810-MVMAI,0.17769113896941388,0
7718-UPSKJ,0.05696987345724791,0
9073-ZZIAY,0.01980964841978623,0
5236-PERKL,0.07872463384822419,0
8361-LTMKD,0.6502726813776772,1
9367-OIUXP,0.18066193095863625,0
8430-TWCBX,0.020777229528342652,0
6114-TCFID,0.042814504288364266,0
1217-VASWC,0.25773805576974707,0
2429-AYKKO,0.005463775146177181,0
3191-CSNMG,0.743325031467047,1
6656-GULJQ,0.013219438831716885,0
1099-GODLO,0.05239275073529666,0
8879-XUAHX,0.05331504208959146,0
8946-BFWSG,0.007735634054093131,0
3131-NWVFJ,0.07037805282664535,0
5394-SVGJV,0.24912118057801674,0
6543-XRMYR,0.5831477886440227,1
8775-CEBBJ,0.3946216771554884,0
9933-QRGTX,0.057008208345109154,0
3104-OWCGK,0.1493234924292196,0
4075-JFPGR,0.21608761100849658,0
6874-SGLHU,0.3084921582372416,0
8496-DMZUK,0.18728592777731548,0
7750-EYXWZ,0.19185700414641157,0
4021-RQSNY,0.6225461718817858,1
0455-ENTCR,0.015097038089457782,0
7203-OYKCT,0.17161863640691702,0
2995-YWTCD,0.04684120021317203,0
9112-WSNPU,0.3799248778393191,0
2578-JQPHZ,0.06569555633764472,0
5334-JLAXU,0.18321456083833676,0
9227-LUNBG,0.4061567655847766,0
7205-BAIAD,0.023640115634603043,0
6078-VESFR,0.45841517245115887,0
6434-TTGJP,0.048008270314177426,0
4732-RRJZC,0.16634289165250268,0
6821-BUXUX,0.635307741166911,1
9793-WECQC,0.42958858935288163,0
7508-MYBOG,0.6790635386238447,1
3694-GLTJM,0.22128321490831945,0
5495-GPSRW,0.04462768269822013,0
5804-LEPIM,0.7346802015573792,1
8550-XSXUQ,0.09812384514842595,0
4325-NFSKC,0.5785769729674374,1
4026-SKKHW,0.36708417093284934,0
5619-XZZKR,0.09482668918673065,0
4385-ZKVNW,0.13588951823815307,0
3352-ALMCK,0.45343329755368844,0
6048-UWKAL,0.024237641841481642,0
6907-FLBER,0.46035912899714543,0
1557-EMYVT,0.04971724644225312,0
2486-WYVVE,0.1385972099830455,0
6259-WJQLC,0.43935581419857345,0
3258-SYSWS,0.022773968420918476,0
5778-BVOFB,0.33421646152723894,0
5602-BVFMK,0.07457914830053544,0
4816-JBHOV,0.5461823696664414,1
4640-UHDOS,0.3698561071694104,0
1254-IZEYF,0.5757582745483276,1
5337-IIWKZ,0.2540338339856048,0
1116-DXXDF,0.16948031386157297,0
4615-PIVVU,0.026166677938687266,0
5449-FIBXJ,0.5087676499467099,1
1240-HCBOH,0.010678371333615605,0
4512-ZUIYL,0.5458599284484144,1
3926-CUQZX,0.45915277621483286,0
4644-OBGFZ,0.019824124019466857,0
7758-UJWYS,0.06134911080187667,0
5186-PEIZU,0.07306575087976805,0
4137-JOPHL,0.0774512646461654,0
6925-BAYGL,0.009125386392793453,0
3806-DXQOM,0.4337852112138407,0
2380-DAMQP,0.03341115687999925,0
6362-QHAFM,0.27711321774781505,0
4818-DRBQT,0.45965342161995965,0
4526-RMTLL,0.07948129185926217,0
6575-SUVOI,0.1723905987790243,0
3466-BYAVD,0.3438174400683029,0
3794-NFNCH,0.28923642460585003,0
7270-BDIOA,0.5364168230563642,1
7328-OWMOM,0.03633210275679719,0
7825-ECJRF,0.5504026407857338,1
6681-ZSEXG,0.023104971525042338,0
5160-UXJED,0.1360288595154742,0
2892-GESUL,0.03077636021518576,0
8409-WQJUX,0.12961383715034472,0
4918-FYJNT,0.2280814715299597,0
8640-SDGKB,0.5270198800534422,1
4598-ZADCK,0.06492845813595027,0
3500-NSDOA,0.010323441488706198,0
8780-RSYYU,0.12951634493044428,0
5924-IFQTT,0.4518050831442699,0
7714-YXSMB,0.5566634791835976,1
8519-IMDHU,0.5816121334680637,1
2606-RMDHZ,0.3618683415546206,0
3889-VWBID,0.009523323620248167,0
9068-VPWQQ,0.011345680651202247,0
8046-DNVTL,0.011354024890436364,0
3278-FSIXX,0.4564416380772585,0
8950-MTZNV,0.4638820526057113,0
8100-HZZLJ,0.21480938070862016,0
2753-JMMCV,0.020796819923335493,0
7148-XZPHA,0.19111260730005528,0
2609-IAICY,0.7504995754425943,1
0392-BZIUW,0.04165926727004981,0
4654-DLAMQ,0.07495815949917653,0
8532-UEFWH,0.011026101739674263,0
4626-GYCZP,0.7373859278650797,1
5846-QFDFI,0.2605691429544762,0
3370-HXOPH,0.6413735026112971,1
0784-GTUUK,0.02186329809594664,0
7580-UGXNC,0.2981523935523546,0
6719-FGEDO,0.031179105428261064,0
2599-CIPQE,0.019950371562714033,0
5089-IFSDP,0.0746039283750449,0
1685-VAYJF,0.2560540868638815,0
2607-DHDAK,0.007460085172796277,0
1228-ZLNBX,0.40903200381988175,0
4942-VZZOM,0.03870036242196319,0
5600-KTXFM,0.5507572442356022,1
0125-LZQXK,0.6449856776033904,1
3884-HCSWG,0.6302123747885919,1
8547-NSBBO,0.32082832380356857,0
8042-RNLKO,0.014333232133447183,0
3327-YBAKM,0.07160899059942036,0
8148-NLEGT,0.02121995683372662,0
7850-THJMU,0.0206515583409426,0
9965-YOKZB,0.7096434712659734,1
1771-OADNZ,0.617989781770791,1
7629-WIXZF,0.28654049518372576,0
2082-CEFLT,0.5558011670155162,1
6100-QQHEB,0.6683891702819498,1
5494-HECPR,0.754793527412381,1
6305-YLBMM,0.09590284730714539,0
8854-CCVSQ,0.6411096379476028,1
3648-GZPHF,0.10160811459314215,0
3934-HXCFZ,0.5972357160649542,1
7783-YKGDV,0.5907739832858641,1
7269-JISCY,0.043584927651031634,0
0237-YFUTL,0.2144504497848107,0
1684-FLBGS,0.23159742533315616,0
1699-TLDLZ,0.03283813405295703,0
2732-ISEZX,0.25015697487180943,0
1837-YQUCE,0.013361458401183171,0
5192-EBGOV,0.7622207866975166,1
9189-JWSHV,0.6184695969299121,1
3378-AJRAO,0.04136913021331954,0
0668-OGMHD,0.21422481072988098,0
6771-XWBDM,0.2943636389750429,0
2451-YMUXS,0.013378332260082065,0
0947-IDHRQ,0.6382052302744718,1
9508-ILZDG,0.451888878627739,0
3717-OFRTN,0.19115383555193777,0
7621-VPNET,0.28802503721321315,0
2209-XADXF,0.3188173948442485,0
2672-OJQZP,0.3557225191466274,0
4081-DYXAV,0.1655473098096376,0
5173-ZXXXL,0.10049771908358265,0
9027-TMATR,0.052320870286397404,0
8402-EIVQS,0.08256155841414295,0
0148-DCDOS,0.5188054889072266,1
6877-TJMBR,0.686349985196114,1
4188-PCPIG,0.016797094113276935,0
5012-YSPJJ,0.15164353879319004,0
0440-EKDCF,0.02063485499575824,0
6647-ZEDXT,0.1790917950491205,0
9385-NXKDA,0.018995625454180442,0
6490-FGZAT,0.1712760862302037,0
2924-KHUVI,0.1767555154110082,0
1550-EENBN,0.39777592123410416,0
6356-ELRKD,0.7177761229352093,1
8035-PWSEV,0.6892685186444233,1
4110-PFEUZ,0.5579728680593475,1
2251-PYLPB,0.008241580737570715,0
5498-TXHLF,0.4525096805928378,0
7228-PAQPD,0.10216242319457852,0
5248-RPYWW,0.01583307508408977,0
3716-UVSPD,0.4691841800505869,0
3779-OSWCF,0.009409869660124411,0
8357-EQXFO,0.7658440174871315,1
6749-UTDVX,0.08927680423731192,0
9837-BMCLM,0.740189556129964,1
7253-UVNDW,0.021126134538044388,0
2253-KPMNB,0.008101752894921963,0
4957-SREEC,0.005117259719226664,0
0303-UNCIP,0.08883756133069808,0
0895-LMRSF,0.18799074356923323,0
5022-KVDQT,0.6074876945995444,1
4791-QRGMF,0.17072148437335413,0
9800-OUIGR,0.005801202341703909,0
4248-QPAVC,0.524848030346885,1
4558-FANTW,0.39358915180033177,0
4829-ZLJTK,0.07159184021851811,0
4335-UPJSI,0.025583797851677977,0
7598-UAASY,0.6807350254390069,1
2230-XTUWL,0.011964260117754314,0
8065-BVEPF,0.2615400040659249,0
9629-NHXFW,0.2734433991359968,0
6311-UEUME,0.5530825942870183,1
8107-KNCIM,0.6609716884512224,1
0946-FKYTX,0.043813342528900207,0
3351-NQLDI,0.05562643843118642,0
7325-ENZFI,0.05513341080540275,0
8498-XXGWA,0.09176011451332523,0
4749-VFKVB,0.473423589764854,0
8164-OCKUJ,0.008492762396678349,0
9381-NDKME,0.28299360305457466,0
5397-NSKQG,0.00986499236730973,0
8945-GRKHX,0.6603092086524474,1
2957-LOLHO,0.37389313033483623,0
0871-URUWO,0.6283377510149105,1
2075-RMJIK,0.3669210385560729,0
1310-QRITU,0.42848667877863067,0
5732-IKGQH,0.11935155631319634,0
9821-POOTN,0.49812431840098315,0
1561-BWHIN,0.060656247217737255,0
8999-EXMNO,0.030003433886768894,0
2284-VFLKH,0.1455941123338139,0
8374-UULRV,0.007514860741727928,0
3981-QSVQI,0.2278613054496537,0
0707-HOVVN,0.02044759219425152,0
5699-BNCAS,0.009300660787765617,0
2851-MMUTZ,0.21869702358907334,0
0181-RITDD,0.030497241741332903,0
7851-WZEKY,0.7690617257170645,1
3902-FOIGH,0.7165284638115068,1
7777-UNYHB,0.185405179461368,0
6094-ZIVKX,0.03602601701846329,0
1660-HSOOQ,0.5079119691975823,1
9540-JYROE,0.6128970886203038,1
3481-JHUZH,0.45933110184936815,0
1251-KRREG,0.4733760088315312,0
9912-OMZDS,0.2410608725953947,0
7351-KYHQH,0.5784484420619844,1
8259-DZLIZ,0.05391625548985605,0
3587-PMCOY,0.5177746550979336,1
7382-DFJTU,0.18982463002923033,0
7273-TEFQD,0.5666176309848188,1
6242-SGYTS,0.09183862532433829,0
6198-RTPMF,0.5630412148766097,1
6502-MJQAE,0.7398335523146472,1
9769-TSBZE,0.011543641263340633,0
4835-YSJMR,0.0390104540461717,0
5597-GLBUC,0.7865809788546124,1
4404-HIBDJ,0.08136466393363909,0
0876-WDUUZ,0.5351185327924026,1
3070-DVEYC,0.5177629579180616,1
0939-EREMR,0.24064549120506468,0
1171-TYKUR,0.07608236547473349,0
5756-OZRIO,0.04147835785059064,0
0975-VOOVL,0.31560466600641235,0
2235-EZAIK,0.00822032269108232,0
7593-XFKDI,0.35836997881069727,0
0074-HDKDG,0.15242160034833943,0
0940-OUQEC,0.6115564608876134,1
8388-DMKAE,0.04224090080450058,0
1679-JRFBR,0.09035998426866039,0
4636-JGAAI,0.335023803620356,0
5811-IWXYM,0.14307553064344952,0
8595-SIZNC,0.056598783709528505,0
7398-SKNQZ,0.6728733264726152,1
8966-OIQHG,0.054702514871831094,0
6614-YOLAC,0.0073848900628285235,0
8229-TNIQA,0.44061334842771815,0
2452-MRMZF,0.0077922553224987695,0
7196-LIWRH,0.044700226872897826,0
0096-BXERS,0.41357427888029585,0
4488-PSYCG,0.12768577934219313,0
4248-HCETZ,0.49097797955879513,0
7998-WNZEM,0.00979216671030691,0
5961-VUSRV,0.11003387846457097,0
9929-PLVPA,0.1586635348182703,0
8173-RXAYP,0.02557452533098333,0
2982-VPSGI,0.7119357186114307,1
7716-YTYHG,0.18579225578482753,0
6265-SXWBU,0.07502163378082753,0
4877-EVATK,0.19457943598418337,0
8070-AAWZP,0.16164643757120645,0
6374-AFWOX,0.019785781260043187,0
2684-EIWEO,0.29871952452558453,0
1678-FYZOW,0.7414752495939765,1
3415-TAILE,0.3845482921204814,0
4735-BJKOU,0.015491441495421207,0
7817-OMJNA,0.06947911973252431,0
2817-LVCPP,0.009628196985804994,0
7123-WQUHX,0.14666713073936138,0
8444-WRIDW,0.18478028268555605,0
7925-PNRGI,0.09305177857246985,0
6496-JDSSB,0.6255142032268308,1
8659-IOOPU,0.03100615906312315,0
0447-BEMNG,0.13721360020393475,0
7495-OOKFY,0.5948129088316088,1
2972-YDYUW,0.10602962902678559,0
4186-ZBUEW,0.10035335744224333,0
0129-QMPDR,0.04262549156336487,0
2266-FUBDZ,0.033790693675032846,0
6892-XPFPU,0.66909044152817,1
4872-JCVCA,0.011960679102618459,0
4742-DRORA,0.12473786487194745,0
8295-KMENE,0.022029797471257755,0
6370-ZVHDV,0.008085559494606981,0
4472-VESGY,0.2010872791506765,0
2908-WGAXL,0.012901443397465106,0
9691-HKOVS,0.07872772715702706,0
5568-DMXZS,0.44311016631673117,0
4057-FKCZK,0.04730757579156954,0
3737-XBQDD,0.5437773291884803,1
1776-SPBWV,0.057710496584128614,0
9644-UMGQA,0.4463406610406481,0
2057-BOYKM,0.031089330261456473,0
4332-MUOEZ,0.1643891690079363,0
2332-TODQS,0.02213197357410211,0
2004-OCQXK,0.7571269897727876,1
5198-EFNBM,0.23186165726742705,0
6402-EJMWF,0.4590247452241142,0
9972-VAFJJ,0.1947786861342991,0
5915-DGNVC,0.07756766563136383,0
0788-DXBFY,0.039725673031180755,0
0206-TBWLC,0.12272050300300687,0
2403-BCASL,0.2891564230904135,0
9495-REDIY,0.10461452808084098,0
4634-JLRJT,0.2748499312857573,0
9436-ZBZCT,0.5994153247062025,1
6376-GAHQE,0.6369537243895403,1
5829-NVSQN,0.12203993915322935,0
5840-NVDCG,0.04396172045905603,0
4079-VTGLK,0.09319827553827355,0
2178-PMGCJ,0.5014868753440234,1
5322-TEUJK,0.023638341327004347,0
6646-QVXLR,0.22075320486147718,0
0701-TJSEF,0.31264894583457015,0
0723-FDLAY,0.09785712907535048,0
1626-ERCMM,0.6500447257816944,1
5482-VXSXJ,0.5450763760623606,1
7452-FOLON,0.03351228601512464,0
3453-RTHJQ,0.7069177441189718,1
3956-MGXOG,0.5641363888132458,1
2002-MZHWP,0.19516312004734587,0
5669-SRAIP,0.4362616927929887,0
6838-HVLXG,0.14525388842830161,0
2800-VEQXM,0.6892105743062736,1
7511-YMXVQ,0.49129447389206043,0
1729-VLAZJ,0.0881906208798277,0
6922-NCEDI,0.03010192963434723,0
2428-ZMCTB,0.13398794604342673,0
1465-WCZVT,0.18429768239868902,0
7234-FECYN,0.679109454925041,1
9286-BHDQG,0.006397103490362237,0
6476-EPYZR,0.14543873826846726,0
3177-LASXD,0.6480223949640881,1
4603-JANFB,0.7401914232560329,1
9220-CXRSC,0.00689403116615592,0
0742-NXBGR,0.782620124325757,1
5549-ZGHFB,0.011681646590984402,0
2080-CAZNM,0.5394314347032962,1
2890-WFBHU,0.025805307076642393,0
2439-LYPMQ,0.5600129774480472,1
9174-IHETN,0.04882271628595475,0
2282-YGNOR,0.05582610934741112,0
0899-WZRSD,0.181939909902597,0
7707-PYBBH,0.1241191378035712,0
1471-GIQKQ,0.4523295811551114,0
5533-NHFRF,0.4126588836870358,0
2576-HXMPA,0.17108222214785737,0
6741-QRLUP,0.01716987058058567,0
5419-JKZNQ,0.3456345808434546,0
9402-CXWPL,0.1048917920039458,0
0840-DCNZE,0.06848066371539016,0
9830-ECLEN,0.035855303177644175,0
5049-MUBWG,0.06833985125948216,0
1599-MMYRQ,0.08379750170639266,0
7596-ZYWBB,0.014022572484347268,0
9631-RXVJM,0.0180281397627258,0
8111-SLLHI,0.5576730119477626,1
5268-DSMNQ,0.13912613543546812,0
2056-EVGZL,0.05838744498231015,0
1015-OWJKI,0.19347408591119042,0
5692-ICXLW,0.5588659941868568,1
7786-WBJYI,0.5445661026351828,1
6202-JVYEU,0.16720353326215534,0
3992-YWPKO,0.6064025084348832,1
7398-LXGYX,0.2874998789838463,0
3125-RAHBV,0.048021365528856504,0
0980-PVMRC,0.2705182851963775,0
3198-VELRD,0.6702430139742918,1
8819-WFGGJ,0.019955471786410002,0
1904-WAJAA,0.07832628668771047,0
9451-WLYRI,0.018093984252898997,0
4999-IEZLT,0.01682989049135545,0
7979-CORPM,0.48565543082060003,0
0925-VYDLG,0.6399175263943209,1
6701-YVNQG,0.01372872136559255,0
7892-POOKP,0.5509082256758685,1
9871-ELEYA,0.025189461079654536,0
6285-FTQBF,0.004988173529813934,0
0886-QGENL,0.5695715235779585,1
0620-XEFWH,0.17863338510822885,0
2812-REYAT,0.03640332237457004,0
3419-SNJJD,0.14866828527357887,0
8338-QIUNR,0.011662822096143395,0
1304-SEGFY,0.0858297227077747,0
7602-MVRMB,0.03434804020738347,0
7633-MVPUY,0.025822502540075103,0
9500-IWPXQ,0.06106248916910263,0
2180-DXNEG,0.73670352319915,1
0971-QIFJK,0.006213207389002413,0
3078-ZKNTS,0.0542574852003291,0
5915-ANOEI,0.010203282232679883,0
6275-YDUVO,0.7137787759921757,1
4195-SMMNX,0.18998549265037254,0
2272-WUSPA,0.07078013602260987,0
4983-CCWMC,0.6494696239354716,1
3969-JQABI,0.0921718224950951,0
5136-GFPMB,0.20786434484651276,0
6578-KRMAW,0.3876131039458748,0
4629-NRXKX,0.6390180769635786,1
3164-YAXFY,0.15693061353765117,0
8840-DQLGN,0.2924288085199867,0
5949-HGVJL,0.32053312005078083,0
5543-QDCRY,0.5517987260252158,1
3084-DOWLE,0.010315931823293255,0
0666-UXTJO,0.43103238671399946,0
5322-ZSMZY,0.02144619769451338,0
3070-BDOQC,0.12281432891375733,0
5577-OTWWW,0.13088993328319581,0
6778-YSNIH,0.5724012314415654,1
6418-HNFED,0.025602801928740336,0
4955-VCWBI,0.029003723093981255,0
4993-JCRGJ,0.43835429919873803,0
2832-SCUCO,0.25172625743550825,0
8174-TBVCF,0.015296958628654872,0
0769-MURVM,0.00849810041605967,0
5186-SAMNZ,0.6593025283659429,1
5566-SOEZD,0.21902974252020413,0
6250-CGGUN,0.09315318699794711,0
9944-AEXBM,0.44587062595354043,0
9746-UGFAC,0.054741001922526754,0
0315-LVCRK,0.6294809045489722,1
5299-SJCZT,0.7262516492449502,1
7153-CHRBV,0.042383397833951,0
5868-YTYKS,0.274701663875721,0
5762-TJXGK,0.03407424636259787,0
5220-AGAAX,0.009983830212399226,0
6128-CZOMY,0.555893011439451,1
6097-EQISJ,0.12810449688545417,0
2675-OTVVJ,0.37154314513026837,0
0595-ITUDF,0.2726866006758856,0
8231-BSWXX,0.08361182203999985,0
2804-ETQDK,0.006788758130374079,0
6131-JLWZM,0.20477077542020866,0
4203-QGNZA,0.09215137100929612,0
9861-PDSZP,0.03981136002702915,0
3393-FMZPV,0.6226293493931734,1
1956-YIFGE,0.4096388887019797,0
5171-EPLKN,0.02003977130152901,0
3726-TBHQT,0.036345560793873674,0
9500-LTVBP,0.21208529152184458,0
2649-HWLYB,0.01147169170723193,0
7636-OWBPG,0.31671115100437225,0
4958-XCBDQ,0.5814770380884094,1
7663-ZTEGJ,0.17307513298983757,0
9396-ZSFLL,0.2661868817003333,0
7028-DVOIQ,0.5772159282469388,1
7980-MHFLQ,0.005786544521583428,0
8417-GSODA,0.22683151254203202,0
8417-FMLZI,0.615346848450525,1
0841-NULXI,0.537271370557285,1
8563-OYMQY,0.5774412296874512,1
1371-OJCEK,0.025096716485175717,0
1177-XZBJL,0.02759375406911774,0
5696-EXCYS,0.027360199800938966,0
5117-ZSMHQ,0.010486376478231607,0
3544-FBCAS,0.019127791639227353,0
2541-YGPKE,0.03404409942415209,0
7579-KKLOE,0.01680419925991368,0
5950-AAAGJ,0.44408543743313206,0
4121-AGSIN,0.02492794593605491,0
2533-QVMSK,0.07202338925727134,0
8399-YNDCH,0.3647502635899469,0
3244-DCJWY,0.7407633518418133,1
6184-DYUOB,0.26113019119333725,0
3108-PCCGG,0.012385792371011858,0
4707-MAXGU,0.004999264408129396,0
1062-LHZOD,0.6644770057429885,1
0402-CQAJN,0.4710371989657658,0
2460-FPSYH,0.22092894871343102,0
8620-RJPZN,0.2589774866965727,0
0831-JNISG,0.005753492824599575,0
0301-FIDRB,0.01305106778460043,0
3261-CQXOL,0.005880088880514475,0
6635-MYYYZ,0.0742751605911817,0
3733-LSYCE,0.45149414078128763,0
6732-VAILE,0.0193516344208926,0
2951-QOQTK,0.4233339427964582,0
3099-OONVS,0.16637929745936667,0
7284-ZZLOH,0.023168314948370673,0
2683-BPJSO,0.4873355292981205,0
9139-WQQDY,0.13935775209739773,0
7610-TVOPG,0.2665753431967304,0
7969-AULMZ,0.6474580500020757,1
6616-AALSR,0.05138794029517418,0
4432-ADRLB,0.34821218730420495,0
9140-CZQZZ,0.01447349381214646,0
4128-ETESU,0.3733693116300156,0
9668-PUGNU,0.01331557635815175,0
8984-HPEMB,0.05422354805990448,0
8053-WWDRO,0.16724039563522117,0
4831-EOBFE,0.2807642499543368,0
9208-OLGAQ,0.6799586483218328,1
2692-AQCPF,0.0980518949844913,0
1371-WEPDS,0.10512280264935424,0
3460-TJBWI,0.026422292128235558,0
3765-JXVKY,0.7470706474644228,1
5052-PNLOS,0.7318365973519234,1
3523-QRQLL,0.1983388954491338,0
8908-NMQTX,0.013224705151048052,0
5071-FBJFS,0.3565641225172975,0
3720-DBRWL,0.025714408489399515,0
6419-ZTTLE,0.11406896232263727,0
6993-YCOBK,0.07144135405410171,0
9068-FHQHD,0.015187165435680822,0
5286-YHCVC,0.06308480407327806,0
2842-JTCCU,0.34600724778954495,0
2150-OEGBV,0.04673726866508834,0
8883-GRDWQ,0.07205986405101969,0
6075-SLNIL,0.41757931971283135,0
7570-WELNY,0.040487678606207514,0
2378-VTKDH,0.3509773979598739,0
5937-EORGB,0.6527105589773134,1
2608-BHKFN,0.6067730596054326,1
9670-BPNXF,0.047299323888538726,0
8884-ADFVN,0.7745349313016402,1
6583-SZVGP,0.1299804116895866,0
5600-PDUJF,0.3098149757496045,0
0224-HJAPT,0.41560699967648895,0
7967-HYCDE,0.499014520394257,0
1518-OMDIK,0.20887698618896328,0
0883-EIBTI,0.18901414430881894,0
2990-IAJSV,0.010315931823293255,0
5201-USSQZ,0.2730476198538345,0
1397-XKKWR,0.14682607512385004,0
9677-AVKED,0.10606423907918293,0
9480-BQJEI,0.10182148375887505,0
2667-WYLWJ,0.12580889408530524,0
3961-SXAXY,0.4572133409607637,0
5472-CVMDX,0.008082839714422821,0
0064-SUDOG,0.03662473191146927,0
0439-IFYUN,0.6308612354903355,1
3507-GASNP,0.008186629666855808,0
4673-KKSLS,0.3158197205690855,0
9565-JSNFM,0.22059610183657877,0
7594-RQHXR,0.7538973313403358,1
9206-GVPEQ,0.3150937090533556,0
8519-QJGJD,0.5897968225413716,1
1987-AUELQ,0.005131459382585942,0
5567-GZKQY,0.007508639672572151,0
4632-XJMEX,0.023990483345596492,0
0356-ERHVT,0.3823356279985608,0
7639-SUPCW,0.22250054453743398,0
0562-KBDVM,0.012077803337237542,0
7426-WEIJX,0.2545617086194909,0
9489-UTFKA,0.26418089780578785,0
1170-SASML,0.21948830276343217,0
6143-JQKEA,0.3584347296447065,0
7501-VTYLJ,0.35995293193304884,0
4695-VADHF,0.3679104728670087,0
9419-IPPBE,0.26728481765499523,0
7663-RGWBC,0.4624020645591286,0
1723-HKXJQ,0.49118787567009103,0
7562-GSUHK,0.5893317278563761,1
7764-BDPEE,0.18564370004905123,0
8080-POTJR,0.13251307399304524,0
2432-TFSMK,0.38495314510164763,0
7520-HQWJU,0.09507855486271573,0
5153-RTHKF,0.41397301994990715,0
3324-OIRTO,0.09678095940722237,0
2612-RRIDN,0.7375688087312069,1
4625-XMOYM,0.008935464120101606,0
2799-ARNLO,0.7139212597205038,1
4884-ZTHVF,0.7211189636545449,1
7690-KPNCU,0.046544053096623246,0
9050-IKDZA,0.5719146299051526,1
5046-NUHWD,0.30044426161248944,0
7272-QDCKA,0.31376098554605664,0
7576-JMYWV,0.3140391936753371,0
9921-EZKBY,0.415458282499628,0
7409-JURKQ,0.15829270132506226,0
3525-DVKFN,0.03176247090397702,0
3404-JNXAX,0.29812386965489845,0
8225-BTJAU,0.6957716388503935,1
1663-MHLHE,0.1936482970357753,0
4013-TLDHQ,0.6618494186069623,1
3612-YUNGG,0.05132223250267879,0
5312-IRCFR,0.19674693126694137,0
5649-VUKMC,0.37162920543773914,0
9415-ZNBSX,0.01672668338080261,0
1032-MAELW,0.04902250449628814,0
3727-JEZTU,0.19504627722114665,0
7799-LGRDP,0.019580389907608884,0
4936-YPJNK,0.22043006616174124,0
4750-UKWJK,0.03486556725369586,0
8639-NHQEI,0.038760080170207815,0
9917-KWRBE,0.09621407879029573,0
9700-ISPUP,0.4273806872200967,0
4801-KFYKL,0.15841701573247668,0
2030-BTZRO,0.05940914082116187,0
1061-PNTHC,0.2091208082989332,0
2834-SPCJV,0.22421281163537415,0
9805-FILKB,0.03998888713665468,0
3058-WQDRE,0.3321663570923766,0
1792-UXAFY,0.6936025193322233,1
5655-JSMZM,0.42510831934752685,0
7975-TZMLR,0.31359802899044165,0
6223-DHJGV,0.04626010230370435,0
4945-RVMTE,0.31349784425505106,0
7706-YLMQA,0.01210141478491903,0
6393-WRYZE,0.5477832768960282,1
8807-OPMBM,0.013386416687415602,0
2034-GDRCN,0.7627252240657283,1
0661-WCQNQ,0.09034448615782403,0
5973-EJGDP,0.339452106544443,0
8292-FRFZQ,0.03616842374643562,0
5519-NPHVG,0.7055996764443925,1
0869-PAPRP,0.4958890392102984,0
2263-SFSQZ,0.01759474150351834,0
0486-LGCCH,0.03833786968631496,0
9314-QDMDW,0.32741707798801556,0
0042-JVWOJ,0.073160972210432,0
5297-MDOIR,0.09238579253159987,0
6692-UDPJC,0.6024486185655842,1
6260-ONULR,0.4970217514457269,0
4656-CAURT,0.00619944015551667,0
7789-CRUVC,0.14681015678143386,0
4132-POCZS,0.14619307372791662,0
3126-WQMGH,0.14305888540772385,0
2359-KLTEK,0.42633953926360546,0
4450-MDZFX,0.161057898751211,0
0549-CYCQN,0.16623975720124265,0
9851-KIELU,0.6266798275047947,1
8499-BRXTD,0.06264711081313507,0
2259-OUUSZ,0.1773281302550361,0
4947-DSMXK,0.4521266567461926,0
5590-BYNII,0.5734401340278937,1
3143-ILDAL,0.28592935579676454,0
3745-HRPHI,0.012825757546751545,0
1051-EQPZR,0.05692382426682137,0
7931-PXHFC,0.10167339302008074,0
1057-FOGLZ,0.12236048305440712,0
6734-PSBAW,0.008759307092692303,0
9138-EFSMO,0.22088688386357036,0
2169-RRLFW,0.005152392986493592,0
0407-BDJKB,0.37336434721439904,0
0151-ONTOV,0.5604487746239726,1
2791-SFVEW,0.15485356908838704,0
8800-JOOCF,0.6896723025923822,1
6158-HDPXZ,0.32337122180611055,0
0187-QSXOE,0.7303383757072448,1
6917-FIJHC,0.00909886015794951,0
5197-YPYBZ,0.033347772528773086,0
8468-EHYJA,0.3018001000506493,0
6609-MXJHJ,0.034045673643835137,0
6689-TCZHQ,0.6313858259874446,1
5804-JMYIO,0.01594327320215883,0
5684-FJVYR,0.025901420272623148,0
3966-HRMZA,0.5868350307735956,1
6217-KDYWC,0.013990095856890313,0
1986-PHGZF,0.25903545456584154,0
2754-VDLTR,0.6220245535603879,1
6734-GMPVK,0.7059148304098504,1
7088-FBAWU,0.23284722732526072,0
7021-XSNYE,0.051136660122050676,0
0506-YLVKJ,0.019902178312754152,0
8816-VXNZD,0.747632595673921,1
7410-KTVFV,0.3737342621616935,0
6698-OXETB,0.03854413482966461,0
8775-ERLNB,0.6530123416893582,1
9026-RNUJS,0.4562075515380617,0
4531-AUZNK,0.10369241145390297,0
5854-KSRBJ,0.006191744236635854,0
3082-WQRVY,0.07042674704342419,0
9820-RMCQV,0.20640209541585253,0
3146-MSEGF,0.013663391195459753,0
1474-JUWSM,0.05418994024615068,0
2514-GINMM,0.7537592593764598,1
5537-UXXVS,0.11327106119868179,0
6993-OHLXR,0.6365257261613609,1
8993-IZEUX,0.504177397105031,1
1963-SVUCV,0.44377372968522666,0
5948-UJZLF,0.3560198748828168,0
6133-OZILE,0.3465903668688313,0
8564-LDKFL,0.2848244699027143,0
1453-RZFON,0.2971812248777726,0
1945-XISKS,0.0065315620372926805,0
5519-TEEUH,0.06064416449659678,0
5035-BVCXS,0.6001540904914325,1
1389-CXMLU,0.6971934514965504,1
7576-OYWBN,0.7366686520373915,1
5356-KZCKT,0.012062477576896201,0
6048-QBXKL,0.4391273498650834,0
9576-ANLXO,0.6447843032937065,1
7872-BAAZR,0.020709465782664586,0
5855-EIBDE,0.03894004013066511,0
9985-MWVIX,0.6648915818062912,1
4391-LNRXK,0.4850015465501006,0
8022-BECSI,0.05530491699439141,0
5195-KPUNQ,0.09891674876753422,0
6614-YWYSC,0.0080676771808691,0
3454-JFUBC,0.008488869148291715,0
6227-FBDXH,0.08705512111637559,0
1696-HXOWK,0.05368187540791188,0
7078-NVFAM,0.23931675921240317,0
8020-BWHYL,0.5296652654737116,1
6559-ILWKJ,0.01934298937427038,0
5275-PMFUT,0.011517920692237485,0
2189-UXTKY,0.2927794490330979,0
5590-ZSKRV,0.25908944914324333,0
0191-EQUUH,0.02618181399366536,0
1052-QJIBV,0.004939504799388207,0
3113-IWHLC,0.411825135799113,0
5287-QWLKY,0.1459278068576095,0
5156-UMKOW,0.3163283112581037,0
0258-NOKBL,0.6961714762224345,1
1265-HVPZB,0.033698693177833944,0
6923-EFPNL,0.3116205886179425,0
9647-ERGBE,0.6176811985179486,1
2560-WBWXF,0.009994867521523463,0
7698-YFGEZ,0.19457943598418337,0
2296-DKZFP,0.015991686108849518,0
1338-CECEE,0.08931591597277777,0
6569-KTMDU,0.19353214304597358,0
5457-COLHT,0.009076076884711255,0
7410-OIEDU,0.5754174733749464,1
4062-HBMOS,0.4486764297343952,0
2651-ZCBXV,0.04519460943674286,0
9313-QOLTZ,0.09810676010783044,0
4633-MKHYU,0.6372575646865959,1
5834-ASPWA,0.7481236214135207,1
4702-IOQDC,0.7405489745620986,1
7754-IXRMC,0.35674630611360586,0
0727-BMPLR,0.2565663023019341,0
3329-WDIOK,0.5490842183101766,1
7516-GMHUV,0.08111829686397444,0
4724-WXVWF,0.2777220499440716,0
0356-OBMAC,0.06947988712990132,0
0620-DLSLK,0.5954110719242806,1
1460-UZPRJ,0.008186629666855808,0
7326-RIGQZ,0.707995654443163,1
8630-QSGXK,0.03225292240820304,0
3873-WOSBC,0.00585614511937212,0
3566-CAAYU,0.0192545800762635,0
8166-ZZTFS,0.03462865483633758,0
7233-DRTRF,0.36241780949613545,0
9060-HJJRW,0.08165413681923814,0
5387-ASZNZ,0.02486762522588408,0
5193-QLVZB,0.08250225414757932,0
1334-PDUKM,0.0724933689973192,0
0515-YPMCW,0.6653887374503515,1
7016-NVRIC,0.19188773451788085,0
5575-GNVDE,0.07816014611700149,0
1926-QUZNN,0.008869815121537209,0
3570-YUEKJ,0.25615764486406695,0
5175-AOBHI,0.44189744030420613,0
4690-PKDQG,0.5150010282874085,1
5443-SCMKX,0.23096752709459978,0
8622-ZLFKO,0.7391480376997415,1
6711-FLDFB,0.7091853324939968,1
9209-NWPGU,0.05319889617415601,0
4747-LCAQL,0.20685459441569712,0
2691-NZETQ,0.7119377097633539,1
7083-YNSKY,0.17693296684423537,0
4079-ULGFR,0.12973640989405033,0
7776-QGYJC,0.330213157955942,0
1732-VHUBQ,0.22093035983682377,0
5129-HHMZC,0.018946582701782868,0
1481-ZUWZA,0.3865496918667668,0
9585-KKMFD,0.023262192550777848,0
8859-DZTGQ,0.01935849885746097,0
2302-OUZXB,0.018765337649563608,0
4652-NNHNY,0.5522549847129419,1
2096-XOTMO,0.12919135134567766,0
5339-PXDVH,0.5871769492370051,1
6339-RZCBJ,0.023716091948656592,0
7521-AFHAB,0.32687693041537014,0
6023-YEBUP,0.7950102587067504,1
6620-HVDUJ,0.1281140677424438,0
1196-AMORA,0.6068264317251956,1
7426-GSWPO,0.1947308054402887,0
8644-XYTSV,0.13880582868048771,0
8847-GEOOQ,0.1011991074935714,0
1415-YFWLT,0.7670412263773508,1
3621-CEOVK,0.7014853179547015,1
8041-TMEID,0.03669447488132124,0
9191-MYQKX,0.6571284063985772,1
8384-FZBJK,0.3713158681787057,0
7638-QVMVY,0.7154364667137886,1
3541-ZNUHK,0.2926332634746678,0
5504-WSIUR,0.08482982500218232,0
0898-XCGTF,0.14080532115741531,0
2034-CGRHZ,0.5439540638646183,1
8465-SBRXP,0.1137911871009449,0
0362-RAOQO,0.013259674068479681,0
1984-GPTEH,0.12793453816468633,0
3963-RYFNS,0.03585992360654908,0
0599-XNYDO,0.5127258742360702,1
4730-AWNAU,0.04594522920011296,0
8896-BQTTI,0.2817989587180766,0
9029-FEGVJ,0.36567147468090605,0
3166-PNEOF,0.012310455891931344,0
6898-MDLZW,0.3082389458274244,0
9442-JTWDL,0.06693659539588218,0
2466-FCCPT,0.057701799869180226,0
6341-AEVKX,0.12593663025186813,0
7854-EDSSA,0.2488233311762667,0
7526-IVLYU,0.26120197534050826,0
9357-UJRUN,0.1370454060388288,0
0963-ZBDRN,0.4675982657893803,0
4909-JOUPP,0.026123036606002525,0
9223-UCPVT,0.7157064989887875,1
4293-ETKAP,0.02144269499128113,0
7762-ONLJY,0.08929247395668777,0
2123-VSCOT,0.02818163071671722,0
0137-OCGAB,0.6813419371158506,1
1114-CENIM,0.1267693728615169,0
1096-ADRUX,0.10573292719168319,0
0641-EVBOJ,0.507753802289098,1
0471-LVHGK,0.18898849583816793,0
6248-TKCQV,0.013683512383154064,0
3039-MJSLN,0.18189649909426897,0
7446-SFAOA,0.052585960692954556,0
6614-VBEGU,0.32677146180121,0
4295-YURET,0.017624488924712297,0
3865-ZYKAD,0.13554092440811294,0
0098-BOWSO,0.1900027357159324,0
3158-MOERK,0.7701830498174741,1
0799-DDIHE,0.3387201726087634,0
3229-USWAR,0.09587261702716829,0
7765-LWVVH,0.05558703757979238,0
5696-QURRL,0.46406709639379506,0
2961-VNFKL,0.00805993181969655,0
6599-CEBNN,0.37689482931713014,0
3585-YNADK,0.04043946448527049,0
5360-LJCNJ,0.0651725110882921,0
5982-XMDEX,0.007179168483321699,0
6963-EZQEE,0.014612056416470006,0
0011-IGKFF,0.7333333739758973,1
1088-CNNKB,0.022783917419473217,0
0685-MLYYM,0.639618564703376,1
4962-CHQPW,0.044726492547482566,0
8224-DWCKX,0.5499511420361529,1
6127-ISGTU,0.6629673944620944,1
0302-JOIVN,0.678785087432361,1
5204-HMGYF,0.06582719624401928,0
4254-QPEDE,0.014125398233887145,0
9818-XQCUV,0.18998549265037254,0
4465-VDKIQ,0.5628204056961703,1
0960-HUWBM,0.054520410903837815,0
5232-NXPAY,0.02753381582914479,0
1666-JZPZT,0.19795046791952586,0
5438-QMDDL,0.35124868175948054,0
6994-KERXL,0.5508784842943635,1
3307-TLCUD,0.20593088067233198,0
7409-KIUTL,0.7418335097661489,1
9465-RWMXL,0.5641408221861094,1
5271-YNWVR,0.057148288805253654,0
7274-CGTOD,0.015467055178699726,0
2120-SMPEX,0.14879682049679302,0
1265-BCFEO,0.02054084437125006,0
4549-ZDQYY,0.027419887914402835,0
5505-OVWQW,0.06458634941728046,0
5569-OUICF,0.38196045813248575,0
2267-FPIMA,0.23673904143096838,0
0531-ZZJWQ,0.3407124497609395,0
3882-IYOIJ,0.02942466192841047,0
3943-KDREE,0.47405470566054553,0
4452-QIIEB,0.3114369994550881,0
4625-LAMOB,0.011741239671962096,0
8741-LQOBK,0.0801954517754817,0
6072-NUQCB,0.05451046174166726,0
1866-OBPNR,0.5290693162104829,1
8654-DHAOW,0.3644217279306026,0
7459-RRWQZ,0.31562015981104313,0
8189-XRIKE,0.4399093542495979,0
7013-PSXHK,0.10852836283692763,0
4011-ARPHK,0.15522359233993374,0
9617-UDPEU,0.0837204717933193,0
5299-RULOA,0.6633802621361465,1
6959-GQEGV,0.2441878027783448,0
8735-SDUFN,0.005646668539547428,0
6461-SZMCV,0.010336892151914467,0
8262-COGGB,0.27499824837966896,0
9114-DPSIA,0.008330232085976243,0
2357-COQEK,0.5481454675177476,1
3154-CFSZG,0.29014389163368987,0
2207-OBZNX,0.35482134539736315,0
2480-EJWYP,0.15415319907799985,0
9700-ZCLOT,0.1895850636655075,0
2851-STERV,0.16265883545749793,0
5159-YFPKQ,0.7686055530463192,1
2233-FAGXV,0.25549783353399447,0
2900-PHPLN,0.007937470268791621,0
8267-KFGYD,0.275889193400424,0
5989-OMNJE,0.1446857757840119,0
4565-NLZBV,0.009116855289434239,0
0621-HJWXJ,0.2234637809708407,0
2582-FFFZR,0.4321390039952085,0
8711-LOBKY,0.008445901519381344,0
5076-YVXCM,0.21528092294061166,0
1766-GKNMI,0.5640894573700796,1
4833-QTJNO,0.10812076437822497,0
4702-HDRKD,0.028368054557848927,0
8191-XWSZG,0.021973006429035824,0
7094-MSZAO,0.19526580521355388,0
9369-XFEHK,0.4287071882982512,0
8735-NBLWT,0.15775552203287804,0
3061-BCKYI,0.13709074756135592,0
5206-HPJKM,0.26107659386868387,0
8746-OQQRW,0.1857273434671178,0
3847-BAERP,0.22171128456087316,0
0635-WKOLD,0.05100201806895154,0
7820-ZYGNY,0.07587742390285628,0
1573-LGXBA,0.1591426910919864,0
6579-JPICP,0.19504627722114665,0
1629-DQQVB,0.21453328206780614,0
1343-EHPYB,0.3641388196996277,0
6131-FOYAS,0.28299357057396846,0
4501-UYKBC,0.07311785609719945,0
0463-TXOAK,0.009455828985853506,0
6253-GNHWH,0.00931408615780064,0
0269-XFESX,0.05547010627838982,0
3644-QXEHN,0.6356178098479737,1
3441-CGZJH,0.05662421427525565,0
3865-YIOTT,0.09492671394660279,0
0975-UYDTX,0.11456744995710295,0
8092-NLTGF,0.005665498937987956,0
5451-YHYPW,0.03134715055361006,0
4283-FUTGF,0.6645085706124352,1
2386-OWURY,0.2742268581109449,0
5231-FIQPA,0.02323684804715002,0
9938-TKDGL,0.04539683592768935,0
2277-DJJDL,0.2669561027657553,0
8079-XRJRS,0.09842360508278744,0
1686-STUHN,0.029302329184137468,0
8561-NMTBD,0.0952257173962396,0
3391-JSQEW,0.20404065858188375,0
4661-NJEUX,0.27440527817146965,0
7157-SMCFK,0.007917700688345734,0
9610-WCESF,0.010794251487995671,0
6110-OHIHY,0.6467463247029371,1
9399-APLBT,0.7470706474644228,1
7234-KMNRQ,0.17879719556651766,0
0404-SWRVG,0.7342802257402039,1
2038-YSEZE,0.11852932509701211,0
4846-WHAFZ,0.48445520081291304,0
0480-BIXDE,0.6920169618629418,1
2082-OJVTK,0.6061539833133983,1
1205-WNWPJ,0.3532781187496413,0
6615-NGGZJ,0.7020303464540077,1
1452-UZOSF,0.029238838422300507,0
5229-DTFYB,0.09435970074955759,0
4537-CIBHB,0.08205363527695593,0
6502-HCJTI,0.5536732560179896,1
1897-OKVMW,0.020862386995935955,0
7503-ZGUZJ,0.688486995290729,1
6227-HWPWX,0.43982262340444334,0
9367-WXLCH,0.5246637865505487,1
1656-DRSMG,0.1973923695731733,0
7729-XBTWX,0.010520419261640653,0
0959-WHOKV,0.27727261597419767,0
0454-OKRCT,0.06996457192872185,0
2038-OEQZH,0.6823477952198379,1
6671-NGWON,0.1664460951596368,0
1574-DYCWE,0.010907121724043166,0
0468-YRPXN,0.40356898044417777,0
1154-HYWWO,0.04691885273670612,0
7018-FPXHH,0.030310825485225984,0
0156-FVPTA,0.25579648251762865,0
4827-USJHP,0.33064649826429354,0
2800-QQUSO,0.3962468303941893,0
8200-LGKSR,0.01458865292161389,0
9626-VFRGG,0.3808776667179431,0
7100-FQPRV,0.05371414751299261,0
9408-HRXRK,0.3985274119243104,0
3627-FHKBK,0.49265674899305073,0
3259-KNMRR,0.04547186818378948,0
8792-AOROI,0.05613001093121305,0
2207-NHRJK,0.45389675670530133,0
3473-XIIIT,0.6875142753422837,1
0207-MDKNV,0.46807062284564804,0
4690-LLKUA,0.4268033123598028,0
4140-MUHUG,0.7773839384613863,1
1501-SGHBW,0.3502413294494737,0
5906-CVLHP,0.059512746620649336,0
8174-LNWMW,0.017797864169275066,0
9529-OFXHY,0.5100724694248179,1
5955-EPOAZ,0.24478696377320003,0
7033-CLAMM,0.01178462699474162,0
7061-OVMIM,0.04245230478982665,0
1960-UYCNN,0.7479471510312922,1
0961-ZWLVI,0.16443939049791348,0
5055-BRMNE,0.019333993050408872,0
6483-OATDN,0.31389553454365293,0
3318-ISQFQ,0.16684854595256574,0
4299-OPXEJ,0.014151942812319303,0
8344-WFMFH,0.500036037059689,1
3915-ODIYG,0.07419940415414224,0
4236-UJPWO,0.39823980134769976,0
5520-FVEWJ,0.7197739317074758,1
9518-XXBXE,0.511245720723048,1
1069-XAIEM,0.7613431531161557,1
9796-MVYXX,0.044532485271644176,0
0644-OQMDK,0.7223929387875361,1
1955-IBMMB,0.012927744100277017,0
1066-JKSGK,0.1947544020686058,0
2363-BJLSL,0.10928698696555354,0
7675-OZCZG,0.427401372595119,0
6967-QIQRV,0.26274858846605936,0
2511-ALLCS,0.01833927310377929,0
4869-EPIUS,0.20107441154661054,0
5188-HGMLP,0.18848644499039666,0
7669-LCRSD,0.39788033212480595,0
5366-IJEQJ,0.6719712317620247,1
9351-HXDMR,0.030269759621611343,0
0778-NELLA,0.34692846923391646,0
7929-DMBCV,0.4801878604048319,0
6013-BHCAW,0.028232352274158466,0
6481-LXPWL,0.06110880284902445,0
2434-EEVDB,0.04947327854190058,0
5161-UBZXI,0.02804296997266155,0
6982-UQZLY,0.27559201327156,0
6959-UWKHF,0.5508360662563734,1
7665-NKLAV,0.019434557584467434,0
8739-QOTTN,0.18998549265037254,0
4712-AUQZO,0.19976452751055213,0
5627-TVBPP,0.04931209865067507,0
6629-CZTTH,0.4838206975553789,0
6631-HMANX,0.018100911830911965,0
7503-QQRVF,0.5197835981198516,1
5103-MHMHY,0.3577714033744895,0
4847-QNOKA,0.45878326273952147,0
4767-HZZHQ,0.3808014886903959,0
2984-TBYKU,0.02898647626182047,0
9210-IAHGH,0.33736454422593826,0
4464-JCOLN,0.10043047960693555,0
0114-IGABW,0.011233829323861555,0
2680-XKKNJ,0.10357184423784907,0
8380-PEFPE,0.7427586469412552,1
3003-CMDUU,0.5219085071678479,1
9058-MJLZC,0.5463102720268375,1
6614-FHDBO,0.02964900736925375,0
8065-QBYTO,0.051117059554035685,0
3071-VBYPO,0.5935207641565844,1
4176-RELJR,0.00583452650394649,0
2640-PMGFL,0.47673663478208494,0
3489-VSFRD,0.03795929507708718,0
7838-LAZFO,0.06421104317232128,0
4452-ROHMO,0.033851476367034034,0
2273-QCKXA,0.2814920972245112,0
0556-FJEGU,0.018506354173774216,0
5954-BDFSG,0.039655223858976546,0
2391-IPLOP,0.10468037116854235,0
0023-HGHWL,0.5178950043406446,1
4072-IPYLT,0.1059530787243044,0
1697-LYYYX,0.014049491754490348,0
7055-JCGNI,0.03246191029969799,0
3276-HDUEG,0.6729653522450876,1
4092-OFQZS,0.05919944354817527,0
1104-FEJAM,0.278336077164218,0
6507-ZJSUR,0.6206190988657102,1
2256-YLYLP,0.021376922733257406,0
2523-EWWZL,0.5638173954987338,1
4334-HOWRP,0.011530634214021642,0
9057-MSWCO,0.11981943178164224,0
5828-AVIPD,0.3977917499009579,0
3722-WPXTK,0.7657758053725929,1
9577-WJVCQ,0.04818771500908156,0
7873-CVMAW,0.008807335352053747,0
8947-YRTDV,0.1855440301240092,0
4737-HOBAX,0.014866444889058198,0
2911-IJORQ,0.0943823342052626,0
6968-MHOMU,0.05357557233166735,0
9067-SQTNS,0.027685655556536796,0
5981-ZVXOT,0.3400274323534904,0
4683-WYDOU,0.061196144487005055,0
7315-WYOAW,0.51694439212805,1
2845-HSJCY,0.7108328839585984,1
6371-NZYEG,0.07092265227493837,0
5248-YGIJN,0.013885754261760681,0
2955-BJZHG,0.5414271914278693,1
7634-WSWDB,0.4111832351521482,0
5781-RFZRP,0.007071951091390936,0
3088-FVYWK,0.009155710734297601,0
3714-XPXBW,0.148850144770273,0
1450-GALXR,0.6445992356789477,1
7963-GQRMY,0.34035880846836664,0
6313-GIDIT,0.22405276381785005,0
3672-YITQD,0.5066326381152803,1
9823-EALYC,0.014790198509970803,0
6369-MCAKO,0.017825466569861205,0
0885-HMGPY,0.012009157332761197,0
3097-IDVPU,0.21625970773336797,0
0082-OQIQY,0.4879732898161799,0
4625-EWPTF,0.3967629753542296,0
7140-ADSMJ,0.20606577972551202,0
1226-IENZN,0.6525837363801716,1
7898-PDWQE,0.00856237373405622,0
2873-ZLIWT,0.41816559345972815,0
8361-LBRDI,0.007736567872218844,0
3748-FVMZZ,0.4282984926688741,0
1098-TDVUQ,0.26923962304073545,0
9092-GDZKO,0.14595939061838434,0
0112-QWPNC,0.059660317955398355,0
1320-REHCS,0.3719602589777451,0
7614-QVWQL,0.08337235387052584,0
5093-FEGLU,0.012116309871467093,0
2988-PLAHS,0.4362786783962431,0
7601-DHFWZ,0.010615269866845632,0
3074-GQWYX,0.6408529410463636,1
4925-LMHOK,0.26445562932818534,0
2828-SLQPF,0.32216968327558326,0
2195-VVRJF,0.2600363622503416,0
4859-ZSRDZ,0.022625711827990693,0
3638-WEABW,0.020343318036084454,0
7649-SIJJF,0.015487098502714102,0
1543-LLLFT,0.11828609536049352,0
8740-CRYFY,0.7529989316710379,1
6633-SYEUS,0.34810319298014775,0
2761-OCIAX,0.7409409797845664,1
4459-BBGHE,0.32796662569439483,0
6668-CNMFP,0.2921106661317376,0
5701-GUXDC,0.07415287305799233,0
4741-WWJQZ,0.6013830902316021,1
3656-TKRVZ,0.3727236586121353,0
1410-RSCMR,0.30273906674053497,0
1360-XFJMR,0.0935404491328217,0
1494-EJZDW,0.03968377081536414,0
5307-DZCVC,0.41360174270017347,0
6199-IPCAO,0.022897690703244003,0
4174-LPGTI,0.08274495041414273,0
2371-KFUOG,0.07978955552267741,0
6818-WOBHJ,0.20642329210567484,0
5445-PZWGX,0.0728536976068051,0
8541-QVFKM,0.7003215869735465,1
7136-RVDTZ,0.06077815719026032,0
2454-RPBRZ,0.7397230575812208,1
1293-HHSHJ,0.03749837579262497,0
8143-ETQTI,0.04067281545148005,0
8042-JVNFH,0.6668779994809902,1
2364-UFROM,0.08384108169833684,0
8942-DBMHZ,0.14539250751609226,0
6618-RYATB,0.7102326087549128,1
9318-NKNFC,0.2726311458652299,0
0626-QXNGV,0.007703594986800406,0
4228-ZGYUW,0.750392342272014,1
1396-QWFBJ,0.5125852436941832,1
